"Destination ID","Name","Kind","Role","Prefecture","Region","Hero Image URL","Image Status (OK / BROKEN / BAD_CONTENT / WRONG_LANDMARK)","Replacement Image URL or Notes"
"abashiri-city","Abashiri City","city","hub","Hokkaido","Hokkaido","https://images.unsplash.com/photo-1486870591958-9b9d0d1dda99?auto=format&fit=crop&q=80&w=1200","OK",""
"abeno-harukas-300-osaka","Abeno Harukas 300 (Osaka Skyline)","viewpoint","poi","Osaka","Kansai","https://upload.wikimedia.org/wikipedia/commons/thumb/2/26/Abeno_Harukas_Osaka_Japan01-r.jpg/330px-Abeno_Harukas_Osaka_Japan01-r.jpg","OK",""
"adachi-city","Adachi City","ward","hub","Tokyo","Kanto","https://upload.wikimedia.org/wikipedia/commons/thumb/a/ac/Nishiarai_Daishi.jpg/1280px-Nishiarai_Daishi.jpg","OK",""
"akasaka-minato","Akasaka (Minato)","","","Tokyo","Kanto","https://upload.wikimedia.org/wikipedia/commons/thumb/4/4d/Akasaka_skyline_201806.jpg/960px-Akasaka_skyline_201806.jpg","OK",""
"akihabara-chiyoda","Akihabara (Chiyoda)","","","Tokyo","Kanto","https://upload.wikimedia.org/wikipedia/commons/thumb/6/60/Sotokanda%2C_Akihabara_Electric_Town_at_night_20231114.png/3840px-Sotokanda%2C_Akihabara_Electric_Town_at_night_20231114.png","OK",""
"amami-iriomote-natural-site","Amami-Oshima, Tokunoshima, Northern Okinawa & Iriomote","","","Kagoshima","Kyushu","https://upload.wikimedia.org/wikipedia/commons/9/93/View_of_Katetsu_cove_from_nearby_Manen-zaki.jpg","OK",""
"amanohashidate-kyoto","Amanohashidate (Bridge to Heaven)","","","Kyoto","Kansai","https://upload.wikimedia.org/wikipedia/commons/thumb/9/9f/Amanohashidate_aerial_view_2026.jpg/3840px-Amanohashidate_aerial_view_2026.jpg","OK",""
"arakawa-city","Arakawa City","ward","hub","Tokyo","Kanto","https://upload.wikimedia.org/wikipedia/commons/thumb/2/21/Entsuji_%28Arakawa%29_08.jpg/1280px-Entsuji_%28Arakawa%29_08.jpg","OK",""
"arima-onsen","Arima Onsen","","","Hyogo","Kansai","https://upload.wikimedia.org/wikipedia/commons/2/2c/170811_Rokko-Arima_Ropeway_Kobe_Japan00n.jpg","OK",""
"art-tower-mito","Art Tower Mito","","","Ibaraki","Kanto","https://upload.wikimedia.org/wikipedia/commons/c/c2/Mito_Art_Tower.JPG","OK",""
"asahikawa-city","Asahikawa City","city","hub","Hokkaido","Hokkaido","https://images.unsplash.com/photo-1517048676732-d65bc937f952?auto=format&fit=crop&q=80&w=1200","OK",""
"asakusa-taito","Asakusa (Taito)","","","Tokyo","Kanto","https://upload.wikimedia.org/wikipedia/commons/thumb/8/81/Day2-2_%2840909714314%29.jpg/3840px-Day2-2_%2840909714314%29.jpg","OK",""
"ashigara","Ashigara","","","Kanagawa","Kanto","https://upload.wikimedia.org/wikipedia/commons/0/0c/Wizyta_japo%C5%84skiego_kr%C4%85%C5%BCownika_Ashigara_w_Niemczech_%281-E-8502%29.jpg","OK",""
"aso-city","Aso City","city","hub","Kumamoto","Kyushu","https://upload.wikimedia.org/wikipedia/commons/thumb/b/b2/Mt.Aso_and_caldera01.jpg/1280px-Mt.Aso_and_caldera01.jpg","OK",""
"asuka-fujiwara-nara","Ancient Capitals of Asuka and Fujiwara","","","Nara","Kansai","https://upload.wikimedia.org/wikipedia/commons/thumb/5/55/Takamat1.jpg/960px-Takamat1.jpg","OK",""
"atami-city","Atami City","city","hub","Shizuoka","Chubu","https://upload.wikimedia.org/wikipedia/commons/thumb/b/b6/Atami_20170211-1.jpg/3840px-Atami_20170211-1.jpg","OK",""
"atsuta-shrine-nagoya","Atsuta Shrine (Nagoya)","","","Aichi","Chubu","https://upload.wikimedia.org/wikipedia/commons/thumb/c/c6/Atsuta_Shrine.jpg/3840px-Atsuta_Shrine.jpg","OK",""
"beppu-city","Beppu City","city","hub","Oita","Kyushu","https://upload.wikimedia.org/wikipedia/commons/c/cd/Beppu_Montage_2.jpg","OK",""
"biei-town","Biei Town","town","hub","Hokkaido","Hokkaido","https://images.unsplash.com/photo-1506744038136-46273834b3fb?auto=format&fit=crop&q=80&w=1200","OK",""
"bitchu-matsuyama-castle","Bitchu Matsuyama Castle","","","Okayama","Chugoku","https://upload.wikimedia.org/wikipedia/commons/thumb/9/9e/Bitchu_Matsuyama_Castle_1.JPG/1280px-Bitchu_Matsuyama_Castle_1.JPG","OK",""
"boso-peninsula","Boso Peninsula","","","Chiba","Kanto","https://upload.wikimedia.org/wikipedia/commons/thumb/3/3e/B%C5%8Ds%C5%8D_Peninsula_by_Sentinel-2%2C_2018-10-30.jpg/3840px-B%C5%8Ds%C5%8D_Peninsula_by_Sentinel-2%2C_2018-10-30.jpg","OK",""
"bunkyo-city","Bunkyo City","ward","hub","Tokyo","Kanto","https://upload.wikimedia.org/wikipedia/commons/thumb/e/ed/Akamon%2C_University_of_Tokyo_2019.jpg/1280px-Akamon%2C_University_of_Tokyo_2019.jpg","OK",""
"chiba-city","Chiba City","city","hub","Chiba","Kanto","https://upload.wikimedia.org/wikipedia/commons/d/d9/Chiba_montage.jpg","OK",""
"chiba-nokogiriyama","Nokogiriyama","","","Chiba","Kanto","https://upload.wikimedia.org/wikipedia/commons/3/35/The_port_of_Kanaya.jpg","OK",""
"chiba-port-tower","Chiba Port Tower","","","Chiba","Kanto","https://upload.wikimedia.org/wikipedia/commons/1/15/Chiba_Port_Tower_2023-1.jpg","OK",""
"chiba-sawara","Sawara","","","Chiba","Kanto","https://upload.wikimedia.org/wikipedia/commons/thumb/7/72/Inou-tadataka-house%2Ckatori-city%2Cjapan.JPG/330px-Inou-tadataka-house%2Ckatori-city%2Cjapan.JPG","OK",""
"chiba-yoro-valley","Yoro Valley","","","Chiba","Kanto","https://images.unsplash.com/photo-1441974231531-c6227db76b6e?q=80&w=1000","OK",""
"chichibu-city","Chichibu City","city","hub","Saitama","Kanto","https://upload.wikimedia.org/wikipedia/commons/2/20/Chichibu_Yomatsuri.jpg","OK",""
"chigasaki-city","Chigasaki City","city","hub","Kanagawa","Kanto","https://upload.wikimedia.org/wikipedia/commons/thumb/4/4d/Chigasaki_City_Hall_20170721.JPG/3840px-Chigasaki_City_Hall_20170721.JPG","OK",""
"chiyoda-city","Chiyoda City","ward","hub","Tokyo","Kanto","https://upload.wikimedia.org/wikipedia/commons/thumb/1/16/National_Diet_Building_02.jpg/1280px-National_Diet_Building_02.jpg","OK",""
"chofu-tokyo","Chofu","","","Tokyo","Kanto","https://upload.wikimedia.org/wikipedia/commons/1/17/Cyofushiyakusyo.jpg","OK",""
"choshi-chiba","Choshi","","","Chiba","Kanto","https://upload.wikimedia.org/wikipedia/commons/c/c2/Choshi_Montage_2.jpg","OK",""
"chuo-city","Chuo City","ward","hub","Tokyo","Kanto","https://upload.wikimedia.org/wikipedia/commons/thumb/5/5b/Ginza-WAKO_at_night.jpg/1280px-Ginza-WAKO_at_night.jpg","OK",""
"dazaifu-city","Dazaifu City","city","hub","Fukuoka","Kyushu","https://upload.wikimedia.org/wikipedia/commons/thumb/8/8b/20100719_Dazaifu_Tenmangu_Shrine_3328.jpg/1280px-20100719_Dazaifu_Tenmangu_Shrine_3328.jpg","OK",""
"disneyland","Tokyo Disneyland","","","Chiba","Kanto","https://upload.wikimedia.org/wikipedia/commons/thumb/4/4b/Tokyo_Disneyland_Cinderella_Castle_2023-07-02.jpg/1920px-Tokyo_Disneyland_Cinderella_Castle_2023-07-02.jpg","OK",""
"disneysea","DisneySea","","","Chiba","Kanto","https://upload.wikimedia.org/wikipedia/commons/thumb/e/e4/Tokyo_Disney_Sea_Aerial_2019.png/330px-Tokyo_Disney_Sea_Aerial_2019.png","OK",""
"edo-castle-tokyo","Edo Castle Ruins (Imperial Palace)","","","Tokyo","Kanto","https://upload.wikimedia.org/wikipedia/commons/5/5f/Edo_P_detail.jpg","OK",""
"edogawa-city","Edogawa City","ward","hub","Tokyo","Kanto","https://upload.wikimedia.org/wikipedia/commons/thumb/4/44/%E6%B1%9F%E6%88%B8%E5%B7%9D%E5%8C%BA%E8%8A%B1%E7%81%AB%E5%A4%A7%E4%BC%9A%E3%83%BB%E5%B8%82%E5%B7%9D%E5%B8%82%E6%B0%91%E7%B4%8D%E6%B6%BC%E8%8A%B1%E7%81%AB%E5%A4%A7%E4%BC%9A2019.jpg/1280px-%E6%B1%9F%E6%88%B8%E5%B7%9D%E5%8C%BA%E8%8A%B1%E7%81%AB%E5%A4%A7%E4%BC%9A%E3%83%BB%E5%B8%82%E5%B7%9D%E5%B8%82%E6%B0%91%E7%B4%8D%E6%B6%BC%E8%8A%B1%E7%81%AB%E5%A4%A7%E4%BC%9A2019.jpg","OK",""
"enoshima-island","Enoshima","","","Kanagawa","Kanto","https://upload.wikimedia.org/wikipedia/commons/8/83/EnoshimaAeralPhoto1988JP14.jpg","OK",""
"fuji-5-lake","Fuji Five Lakes","","","Yamanashi","Chubu","https://upload.wikimedia.org/wikipedia/commons/a/a7/Fuji_Five_Lakes_and_Mount_Fuji.jpg","OK",""
"fujikawaguchiko-town","Fujikawaguchiko Town","town","hub","Yamanashi","Chubu","https://images.unsplash.com/photo-1749498682646-45e7c11506ec?q=80&w=1170&auto=format&fit=crop&ixlib=rb-4.1.0&ixid=M3wxMjA3fDB8MHxwaG90by1wYWdlfHx8fGVufDB8fHx8fA%3D%3D","OK",""
"fujinomiya-city","Fujinomiya City","city","hub","Shizuoka","Chubu","https://upload.wikimedia.org/wikipedia/commons/thumb/c/ca/070127_tanuki-fuji.jpg/1280px-070127_tanuki-fuji.jpg","OK",""
"fujisawa-city","Fujisawa City","city","hub","Kanagawa","Kanto","https://upload.wikimedia.org/wikipedia/commons/2/22/Fujisawa_montage.jpg","OK",""
"fukui","Fukui","","","Fukui","Chubu","https://upload.wikimedia.org/wikipedia/commons/b/bd/Skyline_of_Fukui_City02.jpg","OK",""
"fukuoka-city","Fukuoka City","city","hub","Fukuoka","Kyushu","https://upload.wikimedia.org/wikipedia/commons/7/72/Fukuoka_City_-_Montage_-_01.JPG","OK",""
"funabashi-city","Funabashi City","city","hub","Chiba","Kanto","https://upload.wikimedia.org/wikipedia/commons/thumb/d/dc/Funabashi_montage.jpg/1280px-Funabashi_montage.jpg","OK",""
"furano-city","Furano City","city","hub","Hokkaido","Hokkaido","https://images.unsplash.com/photo-1522383225653-ed111181a951?auto=format&fit=crop&q=80&w=1200","OK",""
"gala-yuzawa","Gala Yuzawa","","","Niigata","Chubu","https://upload.wikimedia.org/wikipedia/commons/7/73/F8_Tanigawa_79_Gala-Yuzawa_20060115.JPG","OK",""
"gero-city","Gero City","city","hub","Gifu","Chubu","https://upload.wikimedia.org/wikipedia/commons/thumb/7/78/Gero_Station_ac.jpg/1920px-Gero_Station_ac.jpg","OK",""
"gero-onsen","Gero Onsen","","","Gifu","Chubu","https://upload.wikimedia.org/wikipedia/commons/thumb/1/15/260125_Gero_Onsen_Gero_Gifu_pref_Japan02s3.jpg/3840px-260125_Gero_Onsen_Gero_Gifu_pref_Japan02s3.jpg","OK",""
"ghibli-museum","Ghibli Museum","","","Tokyo","Kanto","https://upload.wikimedia.org/wikipedia/commons/thumb/4/45/Ghibli_Museum_2024.JPG/3840px-Ghibli_Museum_2024.JPG","OK",""
"gifu-castle-gifu","Gifu Castle (Mt. Kinka)","","","Gifu","Chubu","https://upload.wikimedia.org/wikipedia/commons/0/01/Gifu_Castle.jpg","OK",""
"gifu-city","Gifu City","city","hub","Gifu","Chubu","https://upload.wikimedia.org/wikipedia/commons/thumb/b/b7/Gifu_City_Tower_43_and_Gifu_Sky_Wing_37_from_Twinarch138.jpg/1280px-Gifu_City_Tower_43_and_Gifu_Sky_Wing_37_from_Twinarch138.jpg","OK",""
"gifu-gujo-hachiman","Gujo Hachiman","","","Gifu","Chubu","https://upload.wikimedia.org/wikipedia/commons/1/12/Gujo_hachiman_castle_P8117454.jpg","OK",""
"gifu-magome-juku","Magome-juku","","","Gifu","Chubu","https://upload.wikimedia.org/wikipedia/commons/thumb/d/dc/1_magome_juku_2024.jpg/3840px-1_magome_juku_2024.jpg","OK",""
"ginza-urban","Ginza","","","Tokyo","Kanto","https://upload.wikimedia.org/wikipedia/commons/thumb/5/5b/Ginza-WAKO_at_night.jpg/1280px-Ginza-WAKO_at_night.jpg","OK",""
"gotemba-city","Gotemba City","city","hub","Shizuoka","Chubu","https://images.unsplash.com/photo-1570459027562-4a916cc6113f?auto=format&fit=crop&q=80&w=1200","OK",""
"gunkanjima-hashima-nagasaki","Sites of Japan’s Meiji Industrial Revolution (Gunkanjima)","","","Nagasaki","Kyushu","https://upload.wikimedia.org/wikipedia/commons/thumb/2/29/Hashima_Nagasaki_Japan.jpg/960px-Hashima_Nagasaki_Japan.jpg","OK",""
"gunma-ikaho-onsen","Ikaho Onsen","","","Gunma","Kanto","https://upload.wikimedia.org/wikipedia/commons/thumb/8/82/Ikaho_Onsen_03.jpg/250px-Ikaho_Onsen_03.jpg","OK",""
"gunma-kusatsu-onsen","Kusatsu Onsen","","","Gunma","Kanto","https://upload.wikimedia.org/wikipedia/commons/7/7a/Bath_in_kusatsu.jpg","OK",""
"gunma-shima-onsen","Shima Onsen","","","Gunma","Kanto","https://upload.wikimedia.org/wikipedia/commons/thumb/9/94/%E5%9B%9B%E4%B8%87%E6%B8%A9%E6%B3%89_%E4%B8%AD%E4%B9%8B%E6%9D%A1_2013_%289993444756%29.jpg/3840px-%E5%9B%9B%E4%B8%87%E6%B8%A9%E6%B3%89_%E4%B8%AD%E4%B9%8B%E6%9D%A1_2013_%289993444756%29.jpg","OK",""
"hachioji-castle-tokyo","Hachioji Castle Ruins (Mount Castle)","castle","poi","Tokyo","Kanto","https://upload.wikimedia.org/wikipedia/commons/thumb/e/ea/Hachioji_Castle_Hikibashi.JPG/1280px-Hachioji_Castle_Hikibashi.JPG","OK",""
"hachioji-tokyo","Hachioji","","hub","Tokyo","Kanto","https://upload.wikimedia.org/wikipedia/commons/thumb/1/11/Takao-san-Top_10.11.13_saturday.JPG/1280px-Takao-san-Top_10.11.13_saturday.JPG","OK",""
"hakkeijima","Hakkeijima Sea Paradise","","","Kanagawa","Kanto","https://upload.wikimedia.org/wikipedia/commons/thumb/b/b2/Yokohama_Hakkeijima_Sea_Paradise_-_01.jpg/330px-Yokohama_Hakkeijima_Sea_Paradise_-_01.jpg","OK",""
"hakodate-city","Hakodate City","city","hub","Hokkaido","Hokkaido","https://upload.wikimedia.org/wikipedia/commons/6/69/Hakodate_montage.jpg","OK",""
"hakodate-night-view","Mount Hakodate Night View","","","Hokkaido","Hokkaido","https://upload.wikimedia.org/wikipedia/commons/thumb/1/1b/Kanemori_Red_Brick_Warehouse_Hakodate_Hokkaido_pref_Japan01n.jpg/3840px-Kanemori_Red_Brick_Warehouse_Hakodate_Hokkaido_pref_Japan01n.jpg","OK",""
"hakone-town","Hakone Town","town","hub","Kanagawa","Kanto","https://upload.wikimedia.org/wikipedia/commons/thumb/8/89/Hakone_Town_Hall.JPG/1920px-Hakone_Town_Hall.JPG","OK",""
"hakuba-village","Hakuba Village","village","hub","Nagano","Chubu","https://upload.wikimedia.org/wikipedia/commons/thumb/f/f3/Nagano_Matsukawa.jpg/1280px-Nagano_Matsukawa.jpg","OK",""
"hamamatsu-city","Hamamatsu City","city","hub","Shizuoka","Chubu","https://upload.wikimedia.org/wikipedia/commons/8/8f/Hamamatsu_Montage2.jpg","OK",""
"harry-potter-studio","Harry Potter Studio","","","Tokyo","Kanto","https://upload.wikimedia.org/wikipedia/commons/thumb/5/55/Warner_Bros._Studio_Tour_Tokyo_entrance_%282%29_2023-08-17.jpg/330px-Warner_Bros._Studio_Tour_Tokyo_entrance_%282%29_2023-08-17.jpg","OK",""
"hatsukaichi-city","Hatsukaichi City","city","hub","Hiroshima","Chugoku","https://upload.wikimedia.org/wikipedia/commons/d/dc/%E5%BB%BF%E6%97%A5%E5%B8%82%E5%B8%82.jpg","OK",""
"higashiyama-sky-tower-nagoya","Higashiyama Sky Tower","","","Aichi","Chubu","https://images.unsplash.com/photo-1545569341-9eb8b30979d9?auto=format&fit=crop&q=80&w=1200","OK",""
"hikone-castle-shiga","Hikone Castle (National Treasure)","","","Shiga","Chubu","https://upload.wikimedia.org/wikipedia/commons/thumb/9/9f/Hikone_Castle_November_2016_-02.jpg/1280px-Hikone_Castle_November_2016_-02.jpg","OK",""
"hikone-city","Hikone City","city","hub","Shiga","Kansai","https://upload.wikimedia.org/wikipedia/commons/thumb/d/d8/Hikone_Castle_and_Sakura2_DSCN3761_20070410.JPG/1280px-Hikone_Castle_and_Sakura2_DSCN3761_20070410.JPG","OK",""
"himeji-castle","Himeji Castle (White Heron Castle)","","","Hyogo","Kansai","https://upload.wikimedia.org/wikipedia/commons/thumb/c/c1/Himeji_castle_in_may_2015.jpg/1280px-Himeji_castle_in_may_2015.jpg","OK",""
"himeji-city","Himeji City","city","hub","Hyogo","Kansai","https://upload.wikimedia.org/wikipedia/commons/6/67/Himeji_montage2.jpg","OK",""
"hiraizumi-chusonji-iwate","Hiraizumi – Temples, Gardens and Archaeological Sites","","","Iwate","Tohoku","https://upload.wikimedia.org/wikipedia/commons/thumb/c/ce/230728_Motsuji_Hiraizumi_Iwate_pref_Japan04s3.jpg/960px-230728_Motsuji_Hiraizumi_Iwate_pref_Japan04s3.jpg","OK",""
"hirosaki-castle","Hirosaki Castle","","","Aomori","Tohoku","https://upload.wikimedia.org/wikipedia/commons/f/f3/Hirosaki-castle_Aomori_with_Sakura_blossoms.jpg","OK",""
"hiroshima-city","Hiroshima City","city","hub","Hiroshima","Chugoku","https://upload.wikimedia.org/wikipedia/commons/thumb/f/fd/Atomic_Bomb_Dome_and_Motoyaso_River%2C_Hiroshima%2C_Northwest_view_20190417_1.jpg/1280px-Atomic_Bomb_Dome_and_Motoyaso_River%2C_Hiroshima%2C_Northwest_view_20190417_1.jpg","OK",""
"hiroshima-peace-memorial","Hiroshima Peace Memorial (Genbaku Dome)","","","Hiroshima","Chugoku","https://upload.wikimedia.org/wikipedia/commons/thumb/7/77/Genbaku_Dome04-r.JPG/960px-Genbaku_Dome04-r.JPG","OK",""
"horyuji-temple-nara","Buddhist Monuments in the Horyu-ji Area","","","Nara","Kansai","https://upload.wikimedia.org/wikipedia/commons/thumb/e/e7/Horyu-ji10s3200.jpg/960px-Horyu-ji10s3200.jpg","OK",""
"ibaraki-fukuroda-falls","Fukuroda Falls","","","Ibaraki","Kanto","https://upload.wikimedia.org/wikipedia/commons/thumb/8/80/Fukuroda_Falls_-_%E8%A2%8B%E7%94%B0%E3%81%AE%E6%BB%9D%28%E3%81%B5%E3%81%8F%E3%82%8D%E3%81%A0%E3%81%AE%E3%81%9F%E3%81%8D%29.jpg/3840px-Fukuroda_Falls_-_%E8%A2%8B%E7%94%B0%E3%81%AE%E6%BB%9D%28%E3%81%B5%E3%81%8F%E3%82%8D%E3%81%A0%E3%81%AE%E3%81%9F%E3%81%8D%29.jpg","OK",""
"ibaraki-hitachi-seaside-park","Hitachi Seaside Park","","","Ibaraki","Kanto","https://upload.wikimedia.org/wikipedia/commons/thumb/b/bc/Ferris_wheel_of_the_Hitachi_beach_park%2Chitachi-kaihin-koen%2Chitachinaka-city%2Cjapan.JPG/330px-Ferris_wheel_of_the_Hitachi_beach_park%2Chitachi-kaihin-koen%2Chitachinaka-city%2Cjapan.JPG","OK",""
"ibaraki-mount-tsukuba","Mount Tsukuba","","","Ibaraki","Kanto","https://upload.wikimedia.org/wikipedia/commons/2/2a/Mount_Tsukuba_seen_from_the_WSW_%282006%29.jpg","OK",""
"ikaruga-town","Ikaruga Town","town","hub","Nara","Kansai","https://upload.wikimedia.org/wikipedia/commons/thumb/e/e7/Horyu-ji10s3200.jpg/1280px-Horyu-ji10s3200.jpg","OK",""
"ikebukuro-toshima","Ikebukuro (Toshima)","","","Tokyo","Kanto","https://upload.wikimedia.org/wikipedia/commons/thumb/4/41/Sunshine_60_Observatory_%40_Sunshine_Building_%40_Ikebukuro_%2811547419543%29.jpg/3840px-Sunshine_60_Observatory_%40_Sunshine_Building_%40_Ikebukuro_%2811547419543%29.jpg","OK",""
"imperial-palace-chiyoda","Imperial Palace (Chiyoda)","","","Tokyo","Kanto","https://upload.wikimedia.org/wikipedia/commons/thumb/5/5f/Edo_P_detail.jpg/960px-Edo_P_detail.jpg","OK",""
"inuyama-castle-aichi","Inuyama Castle (National Treasure Keep)","castle","poi","Aichi","Chubu","https://upload.wikimedia.org/wikipedia/commons/thumb/9/9a/Castle_in_Inuyama.JPG/1280px-Castle_in_Inuyama.JPG","OK",""
"inuyama-city","Inuyama City","city","hub","Aichi","Chubu","https://upload.wikimedia.org/wikipedia/commons/thumb/6/6d/Inuyama_City_Hall_ac.jpg/1920px-Inuyama_City_Hall_ac.jpg","OK",""
"ise-grand-shrine","Ise Grand Shrine (Ise Jingu)","","","Mie","Kansai","https://upload.wikimedia.org/wikipedia/commons/8/8d/Naiku_04.jpg","OK",""
"ishigaki-city","Ishigaki City","city","hub","Okinawa","Okinawa","https://upload.wikimedia.org/wikipedia/commons/thumb/4/41/Ishigaki_montage.JPG/1280px-Ishigaki_montage.JPG","OK",""
"itabashi-city","Itabashi City","ward","hub","Tokyo","Kanto","https://upload.wikimedia.org/wikipedia/commons/thumb/9/99/Itabashi-at-nakajuku.JPG/1280px-Itabashi-at-nakajuku.JPG","OK",""
"ito-city","Ito City","city","hub","Shizuoka","Chubu","https://upload.wikimedia.org/wikipedia/commons/thumb/d/d2/Mount_%C5%8Cmuro_%28Izu_Peninsula%29_%26_Mt.Fuji.jpg/1280px-Mount_%C5%8Cmuro_%28Izu_Peninsula%29_%26_Mt.Fuji.jpg","OK",""
"iwami-ginzan-shimane","Iwami Ginzan Silver Mine and its Cultural Landscape","","","Shimane","Chugoku","https://upload.wikimedia.org/wikipedia/commons/thumb/b/bd/Shimizudani_Refinery_Ruins_at_Iwami_Ginzan_Silver_Mine_001.jpg/960px-Shimizudani_Refinery_Ruins_at_Iwami_Ginzan_Silver_Mine_001.jpg","OK",""
"izu","Izu Peninsula","","","Shizuoka","Chubu","https://upload.wikimedia.org/wikipedia/commons/a/ad/Izu_Peninsula_Shizuoka_Japan_SRTM.jpg","OK",""
"izumo-city","Izumo City","city","hub","Shimane","Chugoku","https://upload.wikimedia.org/wikipedia/commons/thumb/1/1c/Haiden_of_Izumo-taisha-1.JPG/1280px-Haiden_of_Izumo-taisha-1.JPG","OK",""
"izumo-taisha","Izumo Taisha Grand Shrine","","","Shimane","Chugoku","https://upload.wikimedia.org/wikipedia/commons/thumb/e/e6/Izumo-taisha14bs4592.jpg/3840px-Izumo-taisha14bs4592.jpg","OK",""
"jogashima","Miura Peninsula & Jogashima","","","Kanagawa","Kanto","https://upload.wikimedia.org/wikipedia/commons/d/d2/Miura_Peninsula_Kanagawa_Japan_SRTM.jpg","OK",""
"joypolis","Joypolis Odaiba","","","Tokyo","Kanto","https://upload.wikimedia.org/wikipedia/commons/thumb/a/a5/Sega_Joypolis_Odaiba.jpg/1920px-Sega_Joypolis_Odaiba.jpg","OK",""
"kagoshima-city","Kagoshima City","city","hub","Kagoshima","Kyushu","https://upload.wikimedia.org/wikipedia/commons/7/7a/Kagoshima_Montage.jpg","OK",""
"kairakuen-mito","Kairakuen Garden","","","Ibaraki","Kanto","https://upload.wikimedia.org/wikipedia/commons/thumb/e/ec/Kairaku-en%2C_Ibaraki_24.jpg/3840px-Kairaku-en%2C_Ibaraki_24.jpg","OK",""
"kakegawa-castle-shizuoka","Kakegawa Castle & Ninomaru Goten","","","Shizuoka","Chubu","https://upload.wikimedia.org/wikipedia/commons/thumb/5/5c/Kakegawajo_20090321.jpg/1280px-Kakegawajo_20090321.jpg","OK",""
"kamakura-city","Kamakura City","city","hub","Kanagawa","Kanto","https://upload.wikimedia.org/wikipedia/commons/5/5e/TsurugaokaHachiman-M8867.jpg","OK",""
"kanazawa","Kanazawa","","","Ishikawa","Chubu","https://upload.wikimedia.org/wikipedia/commons/thumb/3/31/Stone_lantern_Kenrokuen.jpg/3840px-Stone_lantern_Kenrokuen.jpg","OK",""
"kanazawa-castle-ishikawa","Kanazawa Castle Park","","","Ishikawa","Chubu","https://upload.wikimedia.org/wikipedia/commons/thumb/7/7e/Kanazawa-M-5932.jpg/1280px-Kanazawa-M-5932.jpg","OK",""
"karuizawa-town","Karuizawa Town","town","hub","Nagano","Chubu","https://upload.wikimedia.org/wikipedia/commons/a/a8/Mt.Asama%2C_Karuizawa.jpg","OK",""
"katsushika-city","Katsushika City","ward","hub","Tokyo","Kanto","https://upload.wikimedia.org/wikipedia/commons/thumb/c/c3/Shibamata_Taishakuten_March_11_2021_various_20_44_16_882000.jpeg/1280px-Shibamata_Taishakuten_March_11_2021_various_20_44_16_882000.jpeg","OK",""
"kawagoe-castle-saitama","Kawagoe Castle Honmaru Goten","","","Saitama","Kanto","https://upload.wikimedia.org/wikipedia/commons/thumb/e/ef/Kawagoe-Castle_Honmaru-Goten.jpg/1280px-Kawagoe-Castle_Honmaru-Goten.jpg","OK",""
"kawagoe-city","Kawagoe City","city","hub","Saitama","Kanto","https://upload.wikimedia.org/wikipedia/commons/7/7a/TokiNoKane_Kawagoe_2013Feb.JPG","OK",""
"kawaguchi-city","Kawaguchi City","city","hub","Saitama","Kanto","https://upload.wikimedia.org/wikipedia/commons/thumb/8/8d/Arakawa_River_and_Kawaguchi_Zenko-ji_202106.jpg/1920px-Arakawa_River_and_Kawaguchi_Zenko-ji_202106.jpg","OK",""
"kawasaki-city","Kawasaki City","city","hub","Kanagawa","Kanto","https://upload.wikimedia.org/wikipedia/commons/thumb/f/f6/Kawasaki_Daishi_Main_Hall.jpg/1280px-Kawasaki_Daishi_Main_Hall.jpg","OK",""
"kegon-falls-nikko","Kegon Falls (Nikko)","","","Tochigi","Kanto","https://images.unsplash.com/photo-1590559899731-a382839e5549?auto=format&fit=crop&q=80&w=1200","OK",""
"kinosaki-onsen","Kinosaki Onsen","","","Hyogo","Kansai","https://upload.wikimedia.org/wikipedia/commons/thumb/3/35/Kinosaki_Onsen_by_day.jpg/3840px-Kinosaki_Onsen_by_day.jpg","OK",""
"kinugawa-onsen","Kinugawa Onsen","","","Tochigi","Kanto","https://upload.wikimedia.org/wikipedia/commons/thumb/5/5c/Kinugawa_Onsen_03.JPG/1280px-Kinugawa_Onsen_03.JPG","OK",""
"kisarazu-city","Kisarazu City","city","hub","Chiba","Kanto","https://upload.wikimedia.org/wikipedia/commons/thumb/6/6a/Kisarazu_montage.jpg/1280px-Kisarazu_montage.jpg","OK",""
"kiso","Kiso Valley","","","Nagano","Chubu","https://upload.wikimedia.org/wikipedia/commons/thumb/8/88/Kiso_Valley_from_Doppyo.jpg/1280px-Kiso_Valley_from_Doppyo.jpg","OK",""
"kita-city","Kita City","ward","hub","Tokyo","Kanto","https://upload.wikimedia.org/wikipedia/commons/thumb/1/18/Kyu-Furukawa_House_1.jpg/1280px-Kyu-Furukawa_House_1.jpg","OK",""
"kitakyushu-city","Kitakyushu City","city","hub","Fukuoka","Kyushu","https://upload.wikimedia.org/wikipedia/commons/3/34/Kitakyushu_Montage.jpg","OK",""
"kobe-city","Kobe City","city","hub","Hyogo","Kansai","https://upload.wikimedia.org/wikipedia/commons/9/99/Kobe_montage1.jpg","OK",""
"kobe-maya-night-view","Mount Maya Kikuseidai (Kobe)","","","Hyogo","Kansai","https://upload.wikimedia.org/wikipedia/commons/thumb/6/6e/View_of_Kikuseidai_from_Mount_Maya_Kobe.jpg/3840px-View_of_Kikuseidai_from_Mount_Maya_Kobe.jpg","OK",""
"kochi-castle","Kochi Castle","","","Kochi","Shikoku","https://upload.wikimedia.org/wikipedia/commons/thumb/b/ba/Kochi_Castle%2C_Outemon-3.jpg/1280px-Kochi_Castle%2C_Outemon-3.jpg","OK",""
"kochi-city","Kochi City","city","hub","Kochi","Shikoku","https://upload.wikimedia.org/wikipedia/commons/c/c9/Kochi_montage.jpg","OK",""
"kofu-city","Kofu City","city","hub","Yamanashi","Chubu","https://upload.wikimedia.org/wikipedia/commons/1/17/Kofu_montage.jpg","OK",""
"korakuen-okayama","Korakuen Garden","","","Okayama","Chugoku","https://upload.wikimedia.org/wikipedia/commons/thumb/1/1d/250505_Korakuen_Okayama_Japan06s3.jpg/3840px-250505_Korakuen_Okayama_Japan06s3.jpg","OK",""
"koto-city","Koto City","ward","hub","Tokyo","Kanto","https://upload.wikimedia.org/wikipedia/commons/thumb/a/a9/Tomioka_Hachiman-gu_201708.jpg/1280px-Tomioka_Hachiman-gu_201708.jpg","OK",""
"koya-town","Koya Town","town","hub","Wakayama","Kansai","https://upload.wikimedia.org/wikipedia/commons/thumb/e/e1/Danjogaran_Koyasan16n4272.jpg/1280px-Danjogaran_Koyasan16n4272.jpg","OK",""
"kumamoto-castle","Kumamoto Castle","","","Kumamoto","Kyushu","https://upload.wikimedia.org/wikipedia/commons/thumb/f/ff/Kumamoto_Castle_Keep_Tower_20221022-3.jpg/3840px-Kumamoto_Castle_Keep_Tower_20221022-3.jpg","OK",""
"kumamoto-city","Kumamoto City","city","hub","Kumamoto","Kyushu","https://upload.wikimedia.org/wikipedia/commons/0/0d/Mount_Tatsuda-yama_%28Kumamoto%29_1.jpg","OK",""
"kumano-kodo-koya-wakayama","Sacred Sites and Pilgrimage Routes in the Kii Mountain Range","","","Wakayama","Kansai","https://upload.wikimedia.org/wikipedia/commons/thumb/1/17/Danjogaran_Koyasan12n3200.jpg/960px-Danjogaran_Koyasan12n3200.jpg","OK",""
"kurashiki-city","Kurashiki City","city","hub","Okayama","Chugoku","https://upload.wikimedia.org/wikipedia/commons/thumb/7/72/211203_Kurashikikan_Kurashiki_Okayama_pref_Japan02s3.jpg/1280px-211203_Kurashikikan_Kurashiki_Okayama_pref_Japan02s3.jpg","OK",""
"kurobe-gorge","Kurobe Gorge","","","Toyama","Chubu","https://upload.wikimedia.org/wikipedia/commons/thumb/9/97/Kurobe_kyokoku_view_from_Kurobe_Dam.jpg/1280px-Kurobe_kyokoku_view_from_Kurobe_Dam.jpg","OK",""
"kusatsu-town","Kusatsu Town","town","hub","Gunma","Kanto","https://upload.wikimedia.org/wikipedia/commons/thumb/d/db/%E6%B9%AF%E7%95%912.jpg/1280px-%E6%B9%AF%E7%95%912.jpg","OK",""
"kushiro-city","Kushiro City","city","hub","Hokkaido","Hokkaido","https://images.unsplash.com/photo-1464822759023-fed622ff2c3b?auto=format&fit=crop&q=80&w=1200","OK",""
"kyoto-city","Kyoto City","city","hub","Kyoto","Kansai","https://upload.wikimedia.org/wikipedia/commons/thumb/a/ae/Kiyomizu-dera%2C_Kyoto%2C_November_2016_-02.jpg/1280px-Kiyomizu-dera%2C_Kyoto%2C_November_2016_-02.jpg","OK",""
"kyoto-historic","Historic Kyoto (Kiyomizu-dera & Kinkaku-ji)","","","Kyoto","Kansai","https://images.unsplash.com/photo-1493976040374-85c8e12f0c0e?q=80&w=1280&auto=format&fit=crop","OK",""
"lake-hamanako","Lake Hamanako","","","Shizuoka","Chubu","https://upload.wikimedia.org/wikipedia/commons/thumb/a/a5/Lake_Hamana_Aerial_photograph.2006.jpg/1280px-Lake_Hamana_Aerial_photograph.2006.jpg","OK",""
"lake-sagami","Lake Sagami","","","Kanagawa","Kanto","https://upload.wikimedia.org/wikipedia/commons/thumb/0/04/Lake_Sagami_-_2005_Nov_10_various_10.jpg/3840px-Lake_Sagami_-_2005_Nov_10_various_10.jpg","OK",""
"machida-tokyo","Machida","","","Tokyo","Kanto","https://upload.wikimedia.org/wikipedia/commons/thumb/0/0b/Machida_city.jpg/1280px-Machida_city.jpg","OK",""
"marugame-castle","Marugame Castle","","","Kagawa","Shikoku","https://upload.wikimedia.org/wikipedia/commons/thumb/5/56/Marugame_Castle01.jpg/1280px-Marugame_Castle01.jpg","OK",""
"maruoka-castle-fukui","Maruoka Castle (Original Keep 1576)","","","Fukui","Chubu","https://upload.wikimedia.org/wikipedia/commons/thumb/c/c6/Maruoka_Castle_Keep_Tower%2C_Maruoka-cho_Sakai_2013.jpg/1280px-Maruoka_Castle_Keep_Tower%2C_Maruoka-cho_Sakai_2013.jpg","OK",""
"matsudo-city","Matsudo City","city","hub","Chiba","Kanto","https://upload.wikimedia.org/wikipedia/commons/thumb/5/53/Matsudo_montage.jpg/1280px-Matsudo_montage.jpg","OK",""
"matsue-castle","Matsue Castle","","","Shimane","Chugoku","https://upload.wikimedia.org/wikipedia/commons/thumb/7/74/080720_Matsue_Castle_Matsue_Shimane_pref_Japan01s.jpg/1280px-080720_Matsue_Castle_Matsue_Shimane_pref_Japan01s.jpg","OK",""
"matsue-city","Matsue City","city","hub","Shimane","Chugoku","https://upload.wikimedia.org/wikipedia/commons/0/00/Matsue_montage.jpg","OK",""
"matsumoto-castle-nagano","Matsumoto Castle (Crow Castle)","castle","poi","Nagano","Chubu","https://upload.wikimedia.org/wikipedia/commons/thumb/e/e3/Matsumoto_Castle_Keep_Tower.jpg/1280px-Matsumoto_Castle_Keep_Tower.jpg","OK",""
"matsumoto-city","Matsumoto City","city","hub","Nagano","Chubu","https://upload.wikimedia.org/wikipedia/commons/d/dd/Matsumoto_Montage.jpg","OK",""
"matsushima-bay","Matsushima Bay","","","Miyagi","Tohoku","https://upload.wikimedia.org/wikipedia/commons/thumb/7/76/211030_Kameshima_Matsushima_Miyagi_pref_Japan01n.jpg/3840px-211030_Kameshima_Matsushima_Miyagi_pref_Japan01n.jpg","OK",""
"matsuyama-castle-ehime","Iyo Matsuyama Castle","","","Ehime","Shikoku","https://upload.wikimedia.org/wikipedia/commons/thumb/c/c9/Matsuyama_castle%28Iyo%296.JPG/330px-Matsuyama_castle%28Iyo%296.JPG","OK",""
"matsuyama-city","Matsuyama City","city","hub","Ehime","Shikoku","https://upload.wikimedia.org/wikipedia/commons/9/9f/Matsuyama_montage.jpg","OK",""
"meguro-city","Meguro City","ward","hub","Tokyo","Kanto","https://upload.wikimedia.org/wikipedia/commons/thumb/1/16/Cherry_Blossoms_in_Meguro_River_Park_-_Lanterns_along_the_River_%2840844860114%29.jpg/3840px-Cherry_Blossoms_in_Meguro_River_Park_-_Lanterns_along_the_River_%2840844860114%29.jpg","OK",""
"minakami-town","Minakami Town","town","hub","Gunma","Kanto","https://upload.wikimedia.org/wikipedia/commons/thumb/9/9a/Tanigawa01.JPG/1280px-Tanigawa01.JPG","OK",""
"minato-city","Minato City","ward","hub","Tokyo","Kanto","https://upload.wikimedia.org/wikipedia/commons/9/9a/20110405-TokyoTower-Sakura01.jpg","OK",""
"mirai-tower-nagoya","Chubu Electric Power MIRAI TOWER","","","Aichi","Chubu","https://upload.wikimedia.org/wikipedia/commons/thumb/8/88/Nagoya_TV_Tower2.jpg/3840px-Nagoya_TV_Tower2.jpg","OK",""
"mito-castle-ibaraki","Mito Castle Ruins & Kodokan","","","Ibaraki","Kanto","https://upload.wikimedia.org/wikipedia/commons/thumb/8/8b/Mito_castle_sannomaru_karabori.jpg/3840px-Mito_castle_sannomaru_karabori.jpg","OK",""
"mito-city","Mito City","city","hub","Ibaraki","Kanto","https://upload.wikimedia.org/wikipedia/commons/thumb/e/ec/Kairaku-en%2C_Ibaraki_24.jpg/1280px-Kairaku-en%2C_Ibaraki_24.jpg","OK",""
"miyajima-itsukushima","Itsukushima Shrine (Miyajima Island)","","","Hiroshima","Chugoku","https://upload.wikimedia.org/wikipedia/commons/thumb/e/ef/Itsukushima_Shrine_Torii_Gate_%2813890465459%29.jpg/960px-Itsukushima_Shrine_Torii_Gate_%2813890465459%29.jpg","OK",""
"miyakojima-city","Miyakojima City","city","hub","Okinawa","Okinawa","https://upload.wikimedia.org/wikipedia/commons/thumb/0/02/Miyako_maipama_1.jpg/1280px-Miyako_maipama_1.jpg","OK",""
"miyazaki-city","Miyazaki City","city","hub","Miyazaki","Kyushu","https://upload.wikimedia.org/wikipedia/commons/4/4e/Miyazaki_Montage.jpg","OK",""
"miyazu-city","Miyazu City","city","hub","Kyoto","Kansai","https://upload.wikimedia.org/wikipedia/commons/thumb/7/7c/Amanohashidate_view_from_Mt_Moju02s3s4592.jpg/1280px-Amanohashidate_view_from_Mt_Moju02s3s4592.jpg","OK",""
"mother-farm-chiba","Mother Farm (Futtsu)","","","Chiba","Kanto","https://images.unsplash.com/photo-1500595046743-cd271d694d30?q=80&w=1000","OK",""
"motobu-town","Motobu Town","town","hub","Okinawa","Okinawa","https://upload.wikimedia.org/wikipedia/commons/2/2a/Ocean_Expo_Park.JPG","OK",""
"mount-fuji","Mount Fuji","","","Shizuoka","Chubu","https://images.unsplash.com/photo-1490806843957-31f4c9a91c65?q=80&w=1280&auto=format&fit=crop","OK",""
"mount-inasa-nagasaki","Mount Inasa (Nagasaki Night View)","","","Nagasaki","Kyushu","https://upload.wikimedia.org/wikipedia/commons/thumb/1/12/Mt.Inasa_2010.jpg/1280px-Mt.Inasa_2010.jpg","OK",""
"mount-yoshino-nara","Mount Yoshino (Yoshinoyama)","","","Nara","Kansai","https://upload.wikimedia.org/wikipedia/commons/thumb/7/79/Cherry_blossoms_at_Yoshinoyama_01.jpg/1280px-Cherry_blossoms_at_Yoshinoyama_01.jpg","OK",""
"mozufuruichi-kofun-osaka","Mozu-Furuichi Kofun Group: Mounded Tombs of Ancient Japan","","","Osaka","Kansai","https://upload.wikimedia.org/wikipedia/commons/thumb/c/cd/Kondagobyoyama_Kofun_air.jpg/960px-Kondagobyoyama_Kofun_air.jpg","OK",""
"nachi-falls-wakayama","Nachi Falls & Pagoda","","","Wakayama","Kansai","https://upload.wikimedia.org/wikipedia/commons/thumb/d/d5/Kumano_Kodo_World_heritage_Nachi-no-taki_%E7%86%8A%E9%87%8E%E5%8F%A4%E9%81%93_%E9%82%A3%E6%99%BA%E5%A4%A7%E6%BB%9D10.JPG/1280px-Kumano_Kodo_World_heritage_Nachi-no-taki_%E7%86%8A%E9%87%8E%E5%8F%A4%E9%81%93_%E9%82%A3%E6%99%BA%E5%A4%A7%E6%BB%9D10.JPG","OK",""
"nagano-bessho-onsen","Bessho Onsen","","","Nagano","Chubu","https://images.unsplash.com/photo-1473448912268-2022ce9509d8?q=80&w=1000","OK",""
"nagano-city","Nagano & Snow Monkeys","city","hub","Nagano","Chubu","https://upload.wikimedia.org/wikipedia/commons/thumb/1/17/160501_Zenkoji_Nagano_Japan06s3.jpg/3840px-160501_Zenkoji_Nagano_Japan06s3.jpg","OK",""
"nagano-kamikochi","Kamikochi","","","Nagano","Chubu","https://upload.wikimedia.org/wikipedia/commons/thumb/5/5e/Kamikochi_-_Kamikochi6538.jpg/3840px-Kamikochi_-_Kamikochi6538.jpg","OK",""
"nagano-narai-juku","Narai-juku","","","Nagano","Chubu","https://upload.wikimedia.org/wikipedia/commons/thumb/5/5e/1_naraijuku_2024.jpg/3840px-1_naraijuku_2024.jpg","OK",""
"nagano-suwa","Suwa","","","Nagano","Chubu","https://upload.wikimedia.org/wikipedia/commons/thumb/1/10/Lake_Suwa_as_seen_from_Tateishi_Park_%28east%29.jpg/3840px-Lake_Suwa_as_seen_from_Tateishi_Park_%28east%29.jpg","OK",""
"nagano-tsumago-juku","Tsumago-juku","","","Nagano","Chubu","https://upload.wikimedia.org/wikipedia/commons/thumb/5/50/1_tsumago_juku_2024.jpg/3840px-1_tsumago_juku_2024.jpg","OK",""
"nagasaki-city","Nagasaki City","city","hub","Nagasaki","Kyushu","https://upload.wikimedia.org/wikipedia/commons/a/a1/Nagasaki_City_View_from_Glover_Garden%2C_Nagasaki_2014.jpg","OK",""
"nago-city","Nago City","city","hub","Okinawa","Okinawa","https://upload.wikimedia.org/wikipedia/commons/thumb/9/96/Cityscape_of_Nago_from_the_top_of_Mount_Nago_202007.jpg/1280px-Cityscape_of_Nago_from_the_top_of_Mount_Nago_202007.jpg","OK",""
"nagoya-castle-aichi","Nagoya Castle (Golden Shachihoko)","castle","poi","Aichi","Chubu","https://upload.wikimedia.org/wikipedia/commons/thumb/5/56/Nagoya_Castle_7.jpg/1280px-Nagoya_Castle_7.jpg","OK",""
"nagoya-city","Nagoya City","city","hub","Aichi","Chubu","https://upload.wikimedia.org/wikipedia/commons/thumb/0/0c/Nagoya_Station_-_View_from_the_Main_Building_in_Nagoya_Campus_of_Aichi_University_2022-6-29.jpg/330px-Nagoya_Station_-_View_from_the_Main_Building_in_Nagoya_Campus_of_Aichi_University_2022-6-29.jpg","OK",""
"nagoya-port-tower","Nagoya Port Building (Maritime Tower)","","","Aichi","Chubu","https://upload.wikimedia.org/wikipedia/commons/thumb/a/ad/Nagoya_port_Sea-Train_Land_01.JPG/1280px-Nagoya_port_Sea-Train_Land_01.JPG","OK",""
"naha-city","Naha City","city","hub","Okinawa","Okinawa","https://upload.wikimedia.org/wikipedia/commons/6/67/Naha_montage.jpg","OK",""
"nakano-city","Nakano City","ward","hub","Tokyo","Kanto","https://upload.wikimedia.org/wikipedia/commons/thumb/7/7f/Tetsugakudo_Park%28Philosophy_Hall_Park%29_-_%E5%93%B2%E5%AD%A6%E5%A0%82%E5%85%AC%E5%9C%92_-_panoramio_%281%29.jpg/1280px-Tetsugakudo_Park%28Philosophy_Hall_Park%29_-_%E5%93%B2%E5%AD%A6%E5%A0%82%E5%85%AC%E5%9C%92_-_panoramio_%281%29.jpg","OK",""
"nara-city","Nara City","city","hub","Nara","Kansai","https://upload.wikimedia.org/wikipedia/commons/c/cf/Nara_montage.jpg","OK",""
"nara-historic","Historic Monuments of Ancient Nara","","","Nara","Kansai","https://images.unsplash.com/photo-1545569341-9eb8b30979d9?q=80&w=1280&auto=format&fit=crop","OK",""
"nara-park-todaiji","Historic Nara (Todai-ji Great Buddha)","","","Nara","Kansai","https://upload.wikimedia.org/wikipedia/commons/thumb/a/a7/%E6%9D%B1%E5%A4%A7%E5%AF%BA_%E5%A4%A7%E4%BB%8F%E6%AE%BF%EF%BC%882024%E5%B9%B4%EF%BC%89.jpg/1280px-%E6%9D%B1%E5%A4%A7%E5%AF%BA_%E5%A4%A7%E4%BB%8F%E6%AE%BF%EF%BC%882024%E5%B9%B4%EF%BC%89.jpg","OK",""
"narita-city","Narita City","city","hub","Chiba","Kanto","https://upload.wikimedia.org/wikipedia/commons/thumb/a/a9/Narita_montage2.jpg/1280px-Narita_montage2.jpg","OK",""
"naruto-city","Naruto City","city","hub","Tokushima","Shikoku","https://upload.wikimedia.org/wikipedia/commons/thumb/6/6f/Naruto_Whirlpools_taken_4-21-2008.jpg/1280px-Naruto_Whirlpools_taken_4-21-2008.jpg","OK",""
"national-museum-western-art-tokyo","The Architectural Work of Le Corbusier (NMWA Tokyo)","","","Tokyo","Kanto","https://upload.wikimedia.org/wikipedia/commons/thumb/9/9d/National_museum_of_western_art05s3200.jpg/1280px-National_museum_of_western_art05s3200.jpg","OK",""
"nerima-city","Nerima City","ward","hub","Tokyo","Kanto","https://upload.wikimedia.org/wikipedia/commons/thumb/f/f0/%E4%B8%89%E5%AE%9D%E5%AF%BA%E6%B1%A0%E3%81%A8%E5%8E%B3%E5%B3%B6%E7%A5%9E%E7%A4%BE%EF%BC%882021%E5%B9%B45%E6%9C%88%EF%BC%89.jpg/1280px-%E4%B8%89%E5%AE%9D%E5%AF%BA%E6%B1%A0%E3%81%A8%E5%8E%B3%E5%B3%B6%E7%A5%9E%E7%A4%BE%EF%BC%882021%E5%B9%B45%E6%9C%88%EF%BC%89.jpg","OK",""
"niigata-city","Niigata City","","hub","Niigata","Chubu","https://images.unsplash.com/photo-1503899036084-c55cdd92da26?q=80&w=1280&auto=format&fit=crop","OK",""
"nijo-castle-kyoto","Nijo Castle (Kyoto)","","","Kyoto","Kansai","https://upload.wikimedia.org/wikipedia/commons/thumb/0/0b/%E4%BA%8C%E6%9D%A1%E5%9F%8E_%E5%94%90%E9%96%80_2025.jpg/1280px-%E4%BA%8C%E6%9D%A1%E5%9F%8E_%E5%94%90%E9%96%80_2025.jpg","OK",""
"nikko-city","Nikko City","city","hub","Tochigi","Kanto","https://upload.wikimedia.org/wikipedia/commons/thumb/f/f9/NikkoYomeimon5005.jpg/1280px-NikkoYomeimon5005.jpg","OK",""
"nikko-toshogu-shrine-tochigi","Shrines and Temples of Nikko (Toshogu & UNESCO Heritage)","shrine","poi","Tochigi","Kanto","https://images.unsplash.com/photo-1578637387939-43c525550085?q=80&w=1280&auto=format&fit=crop","OK",""
"niseko-town","Niseko Town","town","hub","Hokkaido","Hokkaido","https://upload.wikimedia.org/wikipedia/commons/thumb/6/6b/Niseko-Annupuri.JPG/1280px-Niseko-Annupuri.JPG","OK",""
"noto","Noto Peninsula","","","Ishikawa","Chubu","https://upload.wikimedia.org/wikipedia/commons/3/3b/Noto_Peninsula_Ishikawa_Japan_SRTM.jpg","OK",""
"numazu-city","Numazu City","city","hub","Shizuoka","Chubu","https://upload.wikimedia.org/wikipedia/commons/f/f7/Numazu_Montage.jpg","OK",""
"oarai-marine-tower","Oarai Marine Tower","","","Ibaraki","Kanto","https://upload.wikimedia.org/wikipedia/commons/thumb/4/4a/Oarai_Marine_Tower.jpg/1280px-Oarai_Marine_Tower.jpg","OK",""
"odaiba-minato","Odaiba (Minato)","","","Tokyo","Kanto","https://upload.wikimedia.org/wikipedia/commons/thumb/4/4a/Odaiba_close_up_-_2025_Jan_14_01-27PM.jpeg/3840px-Odaiba_close_up_-_2025_Jan_14_01-27PM.jpeg","OK",""
"odawara-city","Odawara City","city","hub","Kanagawa","Kanto","https://upload.wikimedia.org/wikipedia/commons/a/a5/Odawara_montage.JPG","OK",""
"ogasawara-islands-tokyo","Ogasawara Islands","","","Tokyo","Kanto","https://upload.wikimedia.org/wikipedia/commons/4/43/Minamijima.jpg","OK",""
"okayama-city","Okayama City","city","hub","Okayama","Chugoku","https://upload.wikimedia.org/wikipedia/commons/2/20/Okayama_Montage2.jpg","OK",""
"okazaki-city","Okazaki City","city","hub","Aichi","Chubu","https://upload.wikimedia.org/wikipedia/commons/thumb/7/74/Okazakijo-3-cropped.jpg/1280px-Okazakijo-3-cropped.jpg","OK",""
"okinoshima-munakata-fukuoka","Sacred Island of Okinoshima and Associated Sites in Munakata","","","Fukuoka","Kyushu","https://upload.wikimedia.org/wikipedia/commons/thumb/d/dc/%E5%AE%97%E5%83%8F%E5%A4%A7%E7%A4%BE%E6%B2%96%E6%B4%A5%E5%AE%AE.JPG/960px-%E5%AE%97%E5%83%8F%E5%A4%A7%E7%A4%BE%E6%B2%96%E6%B4%A5%E5%AE%AE.JPG","OK",""
"okuhida","Okuhida","","","Gifu","Chubu","https://upload.wikimedia.org/wikipedia/commons/0/05/YariKamikohchiTagged.jpg","OK",""
"ome-tokyo","Ome","","","Tokyo","Kanto","https://upload.wikimedia.org/wikipedia/commons/thumb/9/95/Mitake_Shrine.jpg/1280px-Mitake_Shrine.jpg","OK",""
"omiya-railway","Omiya Railway Museum","","","Saitama","Kanto","https://upload.wikimedia.org/wikipedia/commons/thumb/0/0d/Namakubi0kei.JPG/330px-Namakubi0kei.JPG","OK",""
"onomichi-city","Onomichi City","city","hub","Hiroshima","Chugoku","https://upload.wikimedia.org/wikipedia/commons/thumb/2/2d/Onomichi_Jodoji_05.JPG/1280px-Onomichi_Jodoji_05.JPG","OK",""
"osaka-castle","Osaka Castle (Osaka-jo)","","","Osaka","Kansai","https://upload.wikimedia.org/wikipedia/commons/thumb/8/84/Osaka-zu_byobu.jpg/500px-Osaka-zu_byobu.jpg","OK",""
"osaka-city","Osaka City","city","hub","Osaka","Kansai","https://images.unsplash.com/photo-1590559899731-a382839e5549?auto=format&fit=crop&q=80&w=1200","OK",""
"ota-city","Ota City","ward","hub","Tokyo","Kanto","https://upload.wikimedia.org/wikipedia/commons/thumb/2/2f/Tokyo-International-Airport_Satellite.jpg/1280px-Tokyo-International-Airport_Satellite.jpg","OK",""
"otaru-city","Otaru City","city","hub","Hokkaido","Hokkaido","https://upload.wikimedia.org/wikipedia/commons/0/08/Otaru_Montage.jpg","OK",""
"otsu-city","Otsu City","city","hub","Shiga","Kansai","https://upload.wikimedia.org/wikipedia/commons/thumb/6/6d/Skyline_of_Otsu_City20210828.jpg/1280px-Skyline_of_Otsu_City20210828.jpg","OK",""
"oura-church-nagasaki","Hidden Christian Sites in the Nagasaki Region","","","Nagasaki","Kyushu","https://upload.wikimedia.org/wikipedia/commons/thumb/6/66/Nh%C3%A0_th%E1%BB%9D_ch%C3%ADnh_t%C3%B2a_Oura.jpg/960px-Nh%C3%A0_th%E1%BB%9D_ch%C3%ADnh_t%C3%B2a_Oura.jpg","OK",""
"oze-national-park","Oze National Park","","","Gunma","Kanto","https://upload.wikimedia.org/wikipedia/commons/thumb/e/ef/Mt.Shibutsu_16.jpg/1280px-Mt.Shibutsu_16.jpg","OK",""
"roppongi-hills-tokyo-city-view","Roppongi Hills Observation Deck (Tokyo City View)","","","Tokyo","Kanto","https://upload.wikimedia.org/wikipedia/commons/thumb/6/69/Roppongi_Hills_2013-12-01.jpg/1280px-Roppongi_Hills_2013-12-01.jpg","OK",""
"sado-island","Sado Island","","","Niigata","Chubu","https://upload.wikimedia.org/wikipedia/commons/thumb/6/6d/%E4%BA%8C%E3%83%84%E4%BA%80.jpg/960px-%E4%BA%8C%E3%83%84%E4%BA%80.jpg","OK",""
"sagamihara-city","Sagamihara City","city","hub","Kanagawa","Kanto","https://upload.wikimedia.org/wikipedia/commons/9/95/Sagamihara_montage.jpg","OK",""
"saitama-city","Saitama City","city","hub","Saitama","Kanto","https://upload.wikimedia.org/wikipedia/commons/e/ec/Saitama_city_montage.jpg","OK",""
"saitama-nagatoro","Nagatoro","","","Saitama","Kanto","https://upload.wikimedia.org/wikipedia/commons/thumb/5/50/Nagatoro1.jpg/1280px-Nagatoro1.jpg","OK",""
"sakai-city","Sakai City","city","hub","Osaka","Kansai","https://upload.wikimedia.org/wikipedia/commons/3/3d/Sakai_montage.jpg","OK",""
"sakura-castle-chiba","Sakura Castle Park & Ruins","","","Chiba","Kanto","https://upload.wikimedia.org/wikipedia/commons/thumb/d/d7/Sakura_Castle_2.JPG/3840px-Sakura_Castle_2.JPG","OK",""
"sannai-maruyama-jomon-aomori","Jomon Prehistoric Sites in Northern Japan","","","Aomori","Tohoku","https://upload.wikimedia.org/wikipedia/commons/thumb/1/1d/140913_Sannai-Maruyama_site_Aomori_Japan01bs6bs6.jpg/1920px-140913_Sannai-Maruyama_site_Aomori_Japan01bs6bs6.jpg","OK",""
"sapporo-city","Sapporo City","city","hub","Hokkaido","Hokkaido","https://upload.wikimedia.org/wikipedia/commons/5/54/SapporoCity_Skylines2020.jpg","OK",""
"sendai-city","Sendai City","","hub","Miyagi","Tohoku","https://images.unsplash.com/photo-1503899036084-c55cdd92da26?q=80&w=1280&auto=format&fit=crop","OK",""
"setagaya-city","Setagaya City","ward","hub","Tokyo","Kanto","https://upload.wikimedia.org/wikipedia/commons/7/75/Seijo_namikimichi_231011.jpg","OK",""
"shibuya-city","Shibuya City","ward","hub","Tokyo","Kanto","https://images.unsplash.com/photo-1542051841857-5f90071e7989?auto=format&fit=crop&q=80&w=1200","OK",""
"shibuya-sky-shibuya","Shibuya Sky (Rooftop Observatory)","","","Tokyo","Kanto","https://upload.wikimedia.org/wikipedia/commons/thumb/4/45/SHIBUYA_SCRAMBLE_SQUARE_East_Tower.jpg/1280px-SHIBUYA_SCRAMBLE_SQUARE_East_Tower.jpg","OK",""
"shimonoseki-city","Shimonoseki City","city","hub","Yamaguchi","Chugoku","https://upload.wikimedia.org/wikipedia/commons/c/ca/Dan-no-ura_kosen-jo.JPG","OK",""
"shinagawa-city","Shinagawa City","ward","hub","Tokyo","Kanto","https://upload.wikimedia.org/wikipedia/commons/thumb/9/9c/Gate_City_Osaki.jpg/1280px-Gate_City_Osaki.jpg","OK",""
"shinjuku-city","Shinjuku City","ward","hub","Tokyo","Kanto","https://upload.wikimedia.org/wikipedia/commons/thumb/b/b2/Skyscrapers_of_Shinjuku_2009_January.jpg/1280px-Skyscrapers_of_Shinjuku_2009_January.jpg","OK",""
"shirahama-town","Shirahama Town","town","hub","Wakayama","Kansai","https://upload.wikimedia.org/wikipedia/commons/a/a5/Shirahama_montages.JPG","OK",""
"shirakami-sanchi-aomori","Shirakami-Sanchi","","","Aomori","Tohoku","https://images.unsplash.com/photo-1448375240586-882707db888b?q=80&w=1280&auto=format&fit=crop","OK",""
"shirakawa-village","Shirakawa Village","village","hub","Gifu","Chubu","https://upload.wikimedia.org/wikipedia/commons/thumb/e/e6/Ogi_Shirakawa-g%C5%8D%2C_Gifu%2C_Japan.jpg/1920px-Ogi_Shirakawa-g%C5%8D%2C_Gifu%2C_Japan.jpg","OK",""
"shiretoko-national-park-hokkaido","Shiretoko","","","Hokkaido","Hokkaido","https://upload.wikimedia.org/wikipedia/commons/thumb/d/d6/Shiretoko_Peninsula_Hokkaido_Japan_SRTM.jpg/1280px-Shiretoko_Peninsula_Hokkaido_Japan_SRTM.jpg","OK",""
"shizuoka-city","Shizuoka City","city","hub","Shizuoka","Chubu","https://upload.wikimedia.org/wikipedia/commons/thumb/5/50/Higashi-Shizuoka_Panorama_02.jpg/1280px-Higashi-Shizuoka_Panorama_02.jpg","OK",""
"shuri-castle-okinawa","Gusuku Sites and Related Properties of the Kingdom of Ryukyu","","","Okinawa","Kyushu","https://upload.wikimedia.org/wikipedia/commons/thumb/9/99/Naha_Shuri_Castle16s5s3200.jpg/960px-Naha_Shuri_Castle16s5s3200.jpg","OK",""
"suginami-city","Suginami City","ward","hub","Tokyo","Kanto","https://upload.wikimedia.org/wikipedia/commons/a/a9/2018_K%C5%8Denji.jpg","OK",""
"sumida-city","Sumida City","ward","hub","Tokyo","Kanto","https://upload.wikimedia.org/wikipedia/commons/thumb/8/84/Tokyo_Skytree_2014_%E2%85%A2.jpg/1280px-Tokyo_Skytree_2014_%E2%85%A2.jpg","OK",""
"sunshine-60-observatory-ikebukuro","Sunshine 60 Observatory (Tenbou Park)","","","Tokyo","Kanto","https://upload.wikimedia.org/wikipedia/commons/thumb/2/2f/Sunshine_60.JPG/1280px-Sunshine_60.JPG","OK",""
"tachikawa-tokyo","Tachikawa","","","Tokyo","Kanto","https://upload.wikimedia.org/wikipedia/commons/thumb/a/a1/Tama_Intercity_Monorail_viewed_from_Green_Springs.jpg/1280px-Tama_Intercity_Monorail_viewed_from_Green_Springs.jpg","OK",""
"taito-city","Taito City","ward","hub","Tokyo","Kanto","https://upload.wikimedia.org/wikipedia/commons/thumb/8/8d/Asakusa_Senso-ji_2021-12_ac_%282%29.jpg/1280px-Asakusa_Senso-ji_2021-12_ac_%282%29.jpg","OK",""
"takachiho-town","Takachiho Town","town","hub","Miyazaki","Kyushu","https://upload.wikimedia.org/wikipedia/commons/thumb/b/b8/TakachihokyoWithManaiFalls.JPG/1280px-TakachihokyoWithManaiFalls.JPG","OK",""
"takamatsu-city","Takamatsu City","city","hub","Kagawa","Shikoku","https://upload.wikimedia.org/wikipedia/commons/8/8b/%E9%A6%99%E5%B7%9D%E7%9C%8C%E3%81%AE%E9%A2%A8%E6%99%AF.jpg","OK",""
"takanawa-gateway-minato","Takanawa Gateway","","","Tokyo","Kanto","https://upload.wikimedia.org/wikipedia/commons/thumb/9/99/Takanawa-Gateway-City---2025-06-18_170.jpg/3840px-Takanawa-Gateway-City---2025-06-18_170.jpg","OK",""
"takaoka","Takaoka","","","Toyama","Chubu","https://upload.wikimedia.org/wikipedia/commons/thumb/c/c4/Takaoka_montage.JPG/330px-Takaoka_montage.JPG","OK",""
"takato-castle-nagano","Takato Castle Park","","","Nagano","Chubu","https://upload.wikimedia.org/wikipedia/commons/thumb/c/c4/TakatoCastle%EF%BC%88%E9%AB%98%E9%81%A0%E5%9F%8E%EF%BC%89.JPG/1280px-TakatoCastle%EF%BC%88%E9%AB%98%E9%81%A0%E5%9F%8E%EF%BC%89.JPG","OK",""
"takayama-city","Takayama City","city","hub","Gifu","Chubu","https://upload.wikimedia.org/wikipedia/commons/thumb/1/12/%E5%8F%A4%E3%81%84%E7%94%BA%E4%B8%A6%E3%81%BF_-_panoramio_-_%E3%81%8F%E3%82%8D%E3%81%B5%E3%81%AD_%281%29.jpg/1280px-%E5%8F%A4%E3%81%84%E7%94%BA%E4%B8%A6%E3%81%BF_-_panoramio_-_%E3%81%8F%E3%82%8D%E3%81%B5%E3%81%AD_%281%29.jpg","OK",""
"takeda-castle-yamanashi","Tsutsujigasaki Castle (Takeda Shrine)","","","Yamanashi","Chubu","https://upload.wikimedia.org/wikipedia/commons/thumb/b/bf/Takedasi-Yakata20251017.jpg/1280px-Takedasi-Yakata20251017.jpg","OK",""
"teamlab-planets","teamLab Planets","","","Tokyo","Kanto","https://images.unsplash.com/photo-1593073862407-a3ce22748763?w=500&auto=format&fit=crop&q=60&ixlib=rb-4.1.0&ixid=M3wxMjA3fDB8MHxzZWFyY2h8Mnx8dGVhbWxhYiUyMHBsYW5ldHMlMjB0b2t5b3xlbnwwfHwwfHx8MA%3D%3D","OK",""
"toki-messe-tower-niigata","Befco Bakauke Observatory (Toki Messe)","","","Niigata","Chubu","https://media.istockphoto.com/id/1707386560/ja/%E3%82%B9%E3%83%88%E3%83%83%E3%82%AF%E3%83%95%E3%82%A9%E3%83%88/%E3%82%B9%E3%83%AD%E3%83%90%E3%82%AD%E3%82%A2%E3%81%AE%E3%82%BF%E3%83%88%E3%83%A9%E5%B1%B1%E3%81%AB%E3%81%82%E3%82%8B%E5%A4%A9%E6%96%87%E8%A6%B3%E6%B8%AC%E8%80%85%E3%81%AE%E5%BB%BA%E7%89%A9.jpg?s=2048x2048&w=is&k=20&c=PGN1QnPNdRCMtsy6jNAm4F_J59flQUHKgfV5UhNrrN4=","OK",""
"tokorozawa-city","Tokorozawa City","city","hub","Saitama","Kanto","https://upload.wikimedia.org/wikipedia/commons/0/03/Tokorozawa_Aviation_Commemorative_Park.jpg","OK",""
"tokushima-city","Tokushima City","city","hub","Tokushima","Shikoku","https://upload.wikimedia.org/wikipedia/commons/5/51/Tokushima_Montage2.jpg","OK",""
"tokyo-hinohara","Hinohara","","","Tokyo","Kanto","https://upload.wikimedia.org/wikipedia/commons/thumb/a/ae/Hossawa_Falls.jpg/1280px-Hossawa_Falls.jpg","OK",""
"tokyo-metropolitan-government-building-shinjuku","Tokyo Metropolitan Government Building Observatories","","","Tokyo","Kanto","https://upload.wikimedia.org/wikipedia/commons/thumb/3/3a/Tokyo_Metropolitan_Government_Building_No.1_200908.jpg/1280px-Tokyo_Metropolitan_Government_Building_No.1_200908.jpg","OK",""
"tokyo-mt-mitake","Mt. Mitake","","","Tokyo","Kanto","https://upload.wikimedia.org/wikipedia/commons/thumb/9/9e/Mt._Mitake.jpg/1280px-Mt._Mitake.jpg","OK",""
"tokyo-okutama","Okutama","","","Tokyo","Kanto","https://upload.wikimedia.org/wikipedia/commons/thumb/3/3f/LakeOkutama.jpg/1280px-LakeOkutama.jpg","OK",""
"tokyo-skytree-sumida","Tokyo Skytree","","","Tokyo","Kanto","https://upload.wikimedia.org/wikipedia/commons/thumb/8/84/Tokyo_Skytree_2014_%E2%85%A2.jpg/1280px-Tokyo_Skytree_2014_%E2%85%A2.jpg","OK",""
"tokyo-station-chiyoda","Tokyo Station","","","Tokyo","Kanto","https://upload.wikimedia.org/wikipedia/commons/thumb/1/1d/Tokyo-STA_Marunouchi-Entrance_2023.jpg/3840px-Tokyo-STA_Marunouchi-Entrance_2023.jpg","OK",""
"tokyo-tower-minato","Tokyo Tower","","","Tokyo","Kanto","https://upload.wikimedia.org/wikipedia/commons/5/58/Tokyo_Tower_2023.jpg","OK",""
"tomioka-silk-mill-gunma","Tomioka Silk Mill and Related Sites","","","Gunma","Kanto","https://upload.wikimedia.org/wikipedia/commons/thumb/3/31/%E5%AF%8C%E5%B2%A1%E8%A3%BD%E7%B3%B8%E5%A0%B4%E3%83%BB%E7%B9%B0%E7%B3%B8%E5%A0%B4.jpg/960px-%E5%AF%8C%E5%B2%A1%E8%A3%BD%E7%B3%B8%E5%A0%B4%E3%83%BB%E7%B9%B0%E7%B3%B8%E5%A0%B4.jpg","OK",""
"toshima-city","Toshima City","ward","hub","Tokyo","Kanto","https://upload.wikimedia.org/wikipedia/commons/thumb/a/a8/Sunshine_60_1_Ikebukuro_Tokyo_21_May_2004.jpg/1280px-Sunshine_60_1_Ikebukuro_Tokyo_21_May_2004.jpg","OK",""
"tottori-city","Tottori City","city","hub","Tottori","Chugoku","https://upload.wikimedia.org/wikipedia/commons/d/d2/Tottori_montage.jpg","OK",""
"toyama-alpine","Tateyama Kurobe Alpine Route","","","Toyama","Chubu","https://upload.wikimedia.org/wikipedia/commons/c/cb/Murodoh.jpg","OK",""
"toyota-city","Toyota City","city","hub","Aichi","Chubu","https://upload.wikimedia.org/wikipedia/commons/thumb/6/69/TMC_Headquarters_Building%2C_Toyota-cho_Toyota_2019.jpg/1280px-TMC_Headquarters_Building%2C_Toyota-cho_Toyota_2019.jpg","OK",""
"tsukuba-city","Tsukuba City","city","hub","Ibaraki","Kanto","https://upload.wikimedia.org/wikipedia/commons/thumb/1/13/Tsukuba_Center_%26_Mt.Tsukuba01.jpg/1280px-Tsukuba_Center_%26_Mt.Tsukuba01.jpg","OK",""
"ueda-castle-nagano","Ueda Castle Park","","","Nagano","Chubu","https://upload.wikimedia.org/wikipedia/commons/thumb/1/13/Ueda_Castle_Amagafuchi.jpg/3840px-Ueda_Castle_Amagafuchi.jpg","OK",""
"ueno-taito","Ueno (Taito)","","","Tokyo","Kanto","https://images.unsplash.com/photo-1556326059-3cfc41f90fb1?q=80&w=1170&auto=format&fit=crop&ixlib=rb-4.1.0&ixid=M3wxMjA3fDB8MHxwaG90by1wYWdlfHx8fGVufDB8fHx8fA%3D%3D","OK",""
"uji-city","Uji City","city","hub","Kyoto","Kansai","https://upload.wikimedia.org/wikipedia/commons/thumb/1/1b/Phoenix_Hall.jpg/1280px-Phoenix_Hall.jpg","OK",""
"urayasu-city","Urayasu City","city","hub","Chiba","Kanto","https://upload.wikimedia.org/wikipedia/commons/thumb/b/b6/Tokyo_disney_resort.jpg/1280px-Tokyo_disney_resort.jpg","OK",""
"ushiku-daibutsu","Ushiku Daibutsu","","","Ibaraki","Kanto","https://upload.wikimedia.org/wikipedia/en/6/62/Ushiku.jpg","OK",""
"utsunomiya-city","Utsunomiya City","city","hub","Tochigi","Kanto","https://upload.wikimedia.org/wikipedia/commons/thumb/6/6e/Utsunomiya-STA_East_LRT.jpg/1920px-Utsunomiya-STA_East_LRT.jpg","OK",""
"utsunomiya-oya","Utsunomiya & Oya","","","Tochigi","Kanto","https://upload.wikimedia.org/wikipedia/commons/thumb/7/7e/Utsunomiya_montage.jpg/250px-Utsunomiya_montage.jpg","OK",""
"uwajima-castle","Uwajima Castle","","","Ehime","Shikoku","https://upload.wikimedia.org/wikipedia/commons/thumb/f/f9/Uwajima_Castle_Keep_Tower_20170611.jpg/1280px-Uwajima_Castle_Keep_Tower_20170611.jpg","OK",""
"wakayama-city","Wakayama City","city","hub","Wakayama","Kansai","https://upload.wikimedia.org/wikipedia/commons/0/0f/Wakayama_montage.jpg","OK",""
"yakushima-town","Yakushima Town","town","hub","Kagoshima","Kyushu","https://upload.wikimedia.org/wikipedia/commons/thumb/0/0e/Miyanoura_%2832273795996%29.jpg/960px-Miyanoura_%2832273795996%29.jpg","OK",""
"yamanashi-fujiyoshida","Fujiyoshida","","","Yamanashi","Chubu","https://images.unsplash.com/photo-1545569341-9eb8b30979d9?auto=format&fit=crop&q=80&w=1200","OK",""
"yamanashi-nishizawa-valley","Nishizawa Valley","","","Yamanashi","Chubu","https://images.unsplash.com/photo-1441974231531-c6227db76b6e?q=80&w=1000","OK",""
"yamanashi-shosenkyo-gorge","Shosenkyo Gorge","","","Yamanashi","Chubu","https://images.unsplash.com/photo-1470071459604-3b5ec3a7fe05?q=80&w=1000","OK",""
"yokohama-city","Yokohama","city","hub","Kanagawa","Kanto","https://upload.wikimedia.org/wikipedia/commons/thumb/6/61/Minato_Mirai_In_Blue_%28cropped%29.jpg/1280px-Minato_Mirai_In_Blue_%28cropped%29.jpg","OK",""
"yokohama-landmark-tower-sky-garden","Yokohama Landmark Tower (Sky Garden)","","","Kanagawa","Kanto","https://images.unsplash.com/photo-1609375855883-411e45d77365?q=80&w=1074&auto=format&fit=crop&ixlib=rb-4.1.0&ixid=M3wxMjA3fDB8MHxwaG90by1wYWdlfHx8fGVufDB8fHx8fA%3D%3D","OK",""
"yokohama-marine-tower","Yokohama Marine Tower","","","Kanagawa","Kanto","https://upload.wikimedia.org/wikipedia/commons/c/c9/Yokohama_Marine_Tower_Dscn1518a.jpg","OK",""
"yokosuka-city","Yokosuka City","city","hub","Kanagawa","Kanto","https://upload.wikimedia.org/wikipedia/commons/thumb/2/2f/Verny_Park_-_01.jpg/1280px-Verny_Park_-_01.jpg","OK",""
"yomiuriland","Yomiuriland","","","Tokyo","Kanto","https://upload.wikimedia.org/wikipedia/commons/thumb/2/2c/Yomiuriland-20100411.jpg/1280px-Yomiuriland-20100411.jpg","OK",""
"yufu-city","Yufu City","city","hub","Oita","Kyushu","https://upload.wikimedia.org/wikipedia/commons/3/3b/Yuhudake.jpg","OK",""
"zushi","Zushi & Yokosuka","","","Kanagawa","Kanto","https://upload.wikimedia.org/wikipedia/commons/thumb/d/da/%E5%A4%AA%E9%99%BD%E3%81%AE%E5%A1%94%E3%81%A8%E9%80%97%E5%AD%90%E6%B5%B7%E5%B2%B8.jpg/1280px-%E5%A4%AA%E9%99%BD%E3%81%AE%E5%A1%94%E3%81%A8%E9%80%97%E5%AD%90%E6%B5%B7%E5%B2%B8.jpg","OK",""